                  epoch,         train/box_loss,         train/cls_loss,         train/dfl_loss,   metrics/precision(B),      metrics/recall(B),       metrics/mAP50(B),    metrics/mAP50-95(B),           val/box_loss,           val/cls_loss,           val/dfl_loss,                 lr/pg0,                 lr/pg1,                 lr/pg2
                      1,                 1.8732,                 3.0536,                 1.7911,                0.49017,                0.27374,                0.24094,                0.09608,                 1.9997,                 2.7993,                 1.8557,               0.000331,               0.000331,               0.000331
                      2,                 1.7539,                 2.2227,                 1.7008,                0.59649,                0.42213,                0.36164,                0.14154,                 1.9724,                 2.4871,                 1.8787,             0.00065776,             0.00065776,             0.00065776
                      3,                 1.7344,                 2.1265,                 1.7056,                0.56906,                0.41337,                0.37109,                0.15215,                 1.9352,                 2.3465,                 1.8891,             0.00097792,             0.00097792,             0.00097792
                      4,                 1.6948,                 2.0293,                 1.6956,                0.66218,                0.40154,                0.40628,                0.16714,                 1.8926,                 2.1667,                 1.9001,              0.0009703,              0.0009703,              0.0009703
                      5,                 1.7137,                 2.0403,                 1.7038,                0.64726,                0.39568,                0.41665,                0.17401,                 1.9135,                 2.2751,                  1.895,              0.0009703,              0.0009703,              0.0009703
                      6,                 1.6242,                 1.9004,                 1.6245,                0.35203,                0.67699,                0.50968,                0.23068,                 1.8011,                  2.177,                 1.8549,              0.0009604,              0.0009604,              0.0009604
                      7,                 1.6222,                  1.882,                 1.6292,                0.48211,                0.44455,                0.48534,                0.21821,                 1.7927,                 2.0807,                 1.8389,              0.0009505,              0.0009505,              0.0009505
                      8,                 1.6058,                 1.8212,                 1.6135,                0.74983,                0.46049,                0.53617,                0.24013,                 1.7579,                 1.9057,                 1.8161,              0.0009406,              0.0009406,              0.0009406
                      9,                 1.5584,                 1.7948,                  1.587,                0.72308,                0.48699,                0.54086,                0.24867,                 1.7522,                 1.9375,                 1.7707,              0.0009307,              0.0009307,              0.0009307
                     10,                 1.5571,                 1.7539,                 1.5872,                0.74854,                0.46519,                0.55709,                0.26413,                 1.6776,                 1.8283,                 1.7589,              0.0009208,              0.0009208,              0.0009208
                     11,                 1.5684,                 1.7177,                 1.5959,                0.48629,                0.49499,                0.55381,                0.24915,                 1.7513,                 1.8162,                   1.71,              0.0009109,              0.0009109,              0.0009109
                     12,                 1.5505,                 1.7086,                 1.5946,                0.55197,                0.54953,                0.58589,                   0.27,                 1.7622,                 1.8557,                 1.7679,               0.000901,               0.000901,               0.000901
                     13,                 1.5194,                 1.6797,                 1.5647,                0.70164,                0.45657,                0.51721,                0.23127,                 1.7391,                 1.8219,                 1.7704,              0.0008911,              0.0008911,              0.0008911
                     14,                 1.5236,                  1.661,                 1.5697,                0.77666,                0.47219,                0.59024,                0.27823,                 1.6897,                  1.692,                 1.7191,              0.0008812,              0.0008812,              0.0008812
                     15,                  1.519,                 1.6498,                 1.5686,                0.48754,                0.53647,                0.60846,                0.28655,                 1.6664,                 1.7041,                 1.6413,              0.0008713,              0.0008713,              0.0008713
                     16,                  1.498,                 1.5987,                 1.5359,                0.50932,                0.59502,                0.59847,                0.27827,                 1.6558,                 1.6744,                   1.66,              0.0008614,              0.0008614,              0.0008614
                     17,                 1.5401,                 1.6488,                  1.573,                0.74588,                0.50883,                0.58374,                0.27825,                 1.7038,                 1.7773,                 1.6778,              0.0008515,              0.0008515,              0.0008515
                     18,                 1.5091,                 1.6195,                 1.5531,                0.75632,                0.50884,                0.61629,                0.30372,                 1.6418,                 1.5964,                 1.6604,              0.0008416,              0.0008416,              0.0008416
                     19,                  1.495,                 1.5942,                 1.5548,                0.47734,                0.63507,                0.60834,                  0.303,                 1.6554,                 1.6272,                 1.6551,              0.0008317,              0.0008317,              0.0008317
                     20,                 1.4874,                 1.5711,                 1.5344,                0.72285,                0.50401,                0.58207,                0.28739,                 1.7015,                 1.6859,                 1.6603,              0.0008218,              0.0008218,              0.0008218
                     21,                 1.4983,                 1.5766,                 1.5337,                0.77946,                0.49248,                0.62591,                0.32017,                 1.5945,                  1.564,                 1.6006,              0.0008119,              0.0008119,              0.0008119
                     22,                 1.4686,                 1.5512,                 1.5092,                0.74796,                  0.522,                0.61177,                0.30007,                 1.6878,                 1.5716,                 1.6327,               0.000802,               0.000802,               0.000802
                     23,                 1.4806,                 1.5291,                 1.5165,                0.56172,                0.63784,                0.65839,                0.31356,                 1.6364,                 1.5294,                  1.605,              0.0007921,              0.0007921,              0.0007921
                     24,                 1.4566,                 1.5025,                 1.5051,                0.49043,                0.62048,                0.59572,                0.29751,                  1.642,                 1.6102,                 1.6479,              0.0007822,              0.0007822,              0.0007822
                     25,                 1.4657,                 1.4825,                 1.5094,                0.53274,                0.67517,                0.64757,                0.31893,                 1.6435,                 1.4853,                 1.6263,              0.0007723,              0.0007723,              0.0007723
                     26,                 1.4607,                 1.5034,                 1.5043,                0.52414,                0.60858,                0.60547,                0.29753,                 1.6099,                 1.5716,                 1.6162,              0.0007624,              0.0007624,              0.0007624
                     27,                 1.4379,                 1.4943,                 1.5005,                 0.5838,                0.52456,                0.59038,                0.30167,                 1.6832,                 1.5814,                 1.6644,              0.0007525,              0.0007525,              0.0007525
                     28,                 1.4494,                 1.4946,                  1.497,                 0.4757,                0.68413,                0.62712,                0.32597,                  1.572,                 1.5057,                 1.5839,              0.0007426,              0.0007426,              0.0007426
                     28,                 1.4494,                 1.4946,                  1.497,                 0.4757,                0.68413,                0.62712,                0.32597,                  1.572,                 1.5057,                 1.5839,              0.0007426,              0.0007426,              0.0007426
                     29,                 1.4374,                 1.4599,                 1.4918,                0.57072,                0.62362,                0.62586,                0.31737,                 1.5967,                 1.5176,                 1.6159,              0.0007327,              0.0007327,              0.0007327
                     29,                 1.4374,                 1.4599,                 1.4918,                0.57072,                0.62362,                0.62586,                0.31737,                 1.5967,                 1.5176,                 1.6159,              0.0007327,              0.0007327,              0.0007327
                     30,                  1.423,                 1.4851,                   1.49,                0.53323,                0.66923,                0.65168,                0.32546,                 1.6104,                 1.5132,                 1.5799,              0.0007228,              0.0007228,              0.0007228
                     30,                  1.423,                 1.4851,                   1.49,                0.53323,                0.66923,                0.65168,                0.32546,                 1.6104,                 1.5132,                 1.5799,              0.0007228,              0.0007228,              0.0007228
                     31,                 1.4462,                 1.4615,                 1.5023,                0.79599,                0.48611,                 0.6278,                0.31913,                 1.5979,                 1.5431,                 1.6035,              0.0007129,              0.0007129,              0.0007129
                     31,                 1.4462,                 1.4615,                 1.5023,                0.79599,                0.48611,                 0.6278,                0.31913,                 1.5979,                 1.5431,                 1.6035,              0.0007129,              0.0007129,              0.0007129
                     32,                  1.461,                 1.4634,                 1.4988,                0.59226,                0.66158,                0.68096,                0.33779,                 1.6122,                 1.4401,                 1.6274,               0.000703,               0.000703,               0.000703
                     32,                  1.461,                 1.4634,                 1.4988,                0.59226,                0.66158,                0.68096,                0.33779,                 1.6122,                 1.4401,                 1.6274,               0.000703,               0.000703,               0.000703
                     33,                  1.417,                 1.4145,                 1.4729,                0.53973,                0.66845,                0.63302,                0.31177,                 1.6371,                 1.5314,                 1.6417,              0.0006931,              0.0006931,              0.0006931
                     33,                  1.417,                 1.4145,                 1.4729,                0.53973,                0.66845,                0.63302,                0.31177,                 1.6371,                 1.5314,                 1.6417,              0.0006931,              0.0006931,              0.0006931
                     34,                 1.4243,                 1.4299,                 1.4733,                0.56726,                0.66409,                0.63814,                0.32029,                 1.6211,                 1.4616,                 1.6198,              0.0006832,              0.0006832,              0.0006832
                     34,                 1.4243,                 1.4299,                 1.4733,                0.56726,                0.66409,                0.63814,                0.32029,                 1.6211,                 1.4616,                 1.6198,              0.0006832,              0.0006832,              0.0006832
                     35,                  1.401,                 1.4183,                  1.468,                0.64339,                0.64052,                0.66027,                0.33591,                 1.5971,                 1.5142,                 1.6139,              0.0006733,              0.0006733,              0.0006733
                     35,                  1.401,                 1.4183,                  1.468,                0.64339,                0.64052,                0.66027,                0.33591,                 1.5971,                 1.5142,                 1.6139,              0.0006733,              0.0006733,              0.0006733
                     36,                 1.3697,                 1.3886,                 1.4509,                0.60155,                0.53491,                0.64818,                0.33248,                  1.616,                 1.4679,                 1.6178,              0.0006634,              0.0006634,              0.0006634
                     36,                 1.3697,                 1.3886,                 1.4509,                0.60155,                0.53491,                0.64818,                0.33248,                  1.616,                 1.4679,                 1.6178,              0.0006634,              0.0006634,              0.0006634
                     37,                 1.3774,                 1.3951,                 1.4592,                0.56533,                0.69021,                0.67479,                0.35167,                 1.5959,                 1.4499,                 1.6241,              0.0006535,              0.0006535,              0.0006535
                     37,                 1.3774,                 1.3951,                 1.4592,                0.56533,                0.69021,                0.67479,                0.35167,                 1.5959,                 1.4499,                 1.6241,              0.0006535,              0.0006535,              0.0006535
                     38,                 1.3699,                 1.3637,                 1.4563,                0.52354,                0.66751,                0.64114,                0.33823,                 1.5723,                  1.502,                 1.5858,              0.0006436,              0.0006436,              0.0006436
                     38,                 1.3699,                 1.3637,                 1.4563,                0.52354,                0.66751,                0.64114,                0.33823,                 1.5723,                  1.502,                 1.5858,              0.0006436,              0.0006436,              0.0006436
                     39,                 1.3808,                 1.3759,                 1.4548,                0.59161,                0.65825,                0.66259,                0.34127,                 1.5838,                 1.4528,                  1.602,              0.0006337,              0.0006337,              0.0006337
                     39,                 1.3808,                 1.3759,                 1.4548,                0.59161,                0.65825,                0.66259,                0.34127,                 1.5838,                 1.4528,                  1.602,              0.0006337,              0.0006337,              0.0006337
                     40,                 1.3698,                 1.3437,                 1.4345,                0.52146,                0.69137,                0.66635,                0.35334,                 1.5659,                   1.44,                 1.5786,              0.0006238,              0.0006238,              0.0006238
                     40,                 1.3698,                 1.3437,                 1.4345,                0.52146,                0.69137,                0.66635,                0.35334,                 1.5659,                   1.44,                 1.5786,              0.0006238,              0.0006238,              0.0006238
                     41,                 1.3686,                 1.3266,                 1.4446,                0.63974,                0.57227,                 0.6807,                0.36099,                 1.5513,                 1.4163,                 1.5593,              0.0006139,              0.0006139,              0.0006139
                     41,                 1.3686,                 1.3266,                 1.4446,                0.63974,                0.57227,                 0.6807,                0.36099,                 1.5513,                 1.4163,                 1.5593,              0.0006139,              0.0006139,              0.0006139
                     42,                  1.361,                  1.335,                 1.4414,                0.56263,                0.67953,                0.68488,                 0.3535,                  1.597,                 1.4114,                 1.5898,               0.000604,               0.000604,               0.000604
                     42,                  1.361,                  1.335,                 1.4414,                0.56263,                0.67953,                0.68488,                 0.3535,                  1.597,                 1.4114,                 1.5898,               0.000604,               0.000604,               0.000604
                     43,                  1.345,                 1.3177,                 1.4215,                0.53075,                0.68812,                0.67929,                0.35288,                 1.6018,                 1.4093,                 1.5882,              0.0005941,              0.0005941,              0.0005941
                     43,                  1.345,                 1.3177,                 1.4215,                0.53075,                0.68812,                0.67929,                0.35288,                 1.6018,                 1.4093,                 1.5882,              0.0005941,              0.0005941,              0.0005941
                     44,                 1.3756,                 1.3581,                 1.4474,                0.59467,                0.56721,                0.61522,                0.32545,                 1.6404,                 1.5429,                 1.6232,              0.0005842,              0.0005842,              0.0005842
                     44,                 1.3756,                 1.3581,                 1.4474,                0.59467,                0.56721,                0.61522,                0.32545,                 1.6404,                 1.5429,                 1.6232,              0.0005842,              0.0005842,              0.0005842
                     45,                 1.3663,                  1.346,                  1.446,                0.54918,                0.68466,                0.69156,                0.35968,                 1.5834,                 1.3732,                 1.5919,              0.0005743,              0.0005743,              0.0005743
                     45,                 1.3663,                  1.346,                  1.446,                0.54918,                0.68466,                0.69156,                0.35968,                 1.5834,                 1.3732,                 1.5919,              0.0005743,              0.0005743,              0.0005743
                     46,                 1.3503,                 1.3121,                 1.4337,                0.61483,                0.67155,                 0.6964,                0.34853,                 1.6123,                 1.3836,                  1.601,              0.0005644,              0.0005644,              0.0005644
                     46,                 1.3503,                 1.3121,                 1.4337,                0.61483,                0.67155,                 0.6964,                0.34853,                 1.6123,                 1.3836,                  1.601,              0.0005644,              0.0005644,              0.0005644
                     47,                 1.3496,                 1.3356,                 1.4359,                0.70069,                 0.5461,                0.66174,                0.33806,                 1.5844,                  1.402,                   1.59,              0.0005545,              0.0005545,              0.0005545
                     47,                 1.3496,                 1.3356,                 1.4359,                0.70069,                 0.5461,                0.66174,                0.33806,                 1.5844,                  1.402,                   1.59,              0.0005545,              0.0005545,              0.0005545
                     48,                 1.3551,                  1.316,                 1.4356,                0.61264,                0.68442,                0.70106,                0.37715,                 1.5463,                 1.3475,                 1.5511,              0.0005446,              0.0005446,              0.0005446
                     48,                 1.3551,                  1.316,                 1.4356,                0.61264,                0.68442,                0.70106,                0.37715,                 1.5463,                 1.3475,                 1.5511,              0.0005446,              0.0005446,              0.0005446
                     49,                 1.3373,                 1.2876,                 1.4119,                0.60476,                 0.6494,                0.67848,                 0.3613,                 1.5699,                 1.3603,                 1.5793,              0.0005347,              0.0005347,              0.0005347
                     49,                 1.3373,                 1.2876,                 1.4119,                0.60476,                 0.6494,                0.67848,                 0.3613,                 1.5699,                 1.3603,                 1.5793,              0.0005347,              0.0005347,              0.0005347
                     50,                  1.331,                 1.2724,                 1.4113,                0.58641,                0.66268,                 0.6748,                0.34675,                 1.6538,                 1.4052,                 1.6302,              0.0005248,              0.0005248,              0.0005248
                     50,                  1.331,                 1.2724,                 1.4113,                0.58641,                0.66268,                 0.6748,                0.34675,                 1.6538,                 1.4052,                 1.6302,              0.0005248,              0.0005248,              0.0005248
                     51,                 1.3293,                 1.2753,                  1.419,                0.62868,                 0.6224,                0.67605,                0.35578,                 1.6131,                 1.4273,                 1.6142,              0.0005149,              0.0005149,              0.0005149
                     51,                 1.3293,                 1.2753,                  1.419,                0.62868,                 0.6224,                0.67605,                0.35578,                 1.6131,                 1.4273,                 1.6142,              0.0005149,              0.0005149,              0.0005149
                     52,                 1.3153,                 1.2378,                 1.4087,                0.60953,                0.69663,                0.71639,                0.37843,                 1.5657,                 1.3411,                 1.5735,               0.000505,               0.000505,               0.000505
                     52,                 1.3153,                 1.2378,                 1.4087,                0.60953,                0.69663,                0.71639,                0.37843,                 1.5657,                 1.3411,                 1.5735,               0.000505,               0.000505,               0.000505
                     53,                 1.3228,                 1.2646,                 1.4073,                0.65276,                0.63168,                0.69665,                0.37742,                 1.5609,                 1.3207,                 1.5615,              0.0004951,              0.0004951,              0.0004951
                     53,                 1.3228,                 1.2646,                 1.4073,                0.65276,                0.63168,                0.69665,                0.37742,                 1.5609,                 1.3207,                 1.5615,              0.0004951,              0.0004951,              0.0004951
                     54,                 1.3039,                 1.2525,                 1.4091,                0.63384,                0.66288,                0.70267,                0.37307,                   1.58,                 1.3599,                 1.5832,              0.0004852,              0.0004852,              0.0004852
                     54,                 1.3039,                 1.2525,                 1.4091,                0.63384,                0.66288,                0.70267,                0.37307,                   1.58,                 1.3599,                 1.5832,              0.0004852,              0.0004852,              0.0004852
                     55,                 1.3511,                 1.2971,                  1.443,                0.67724,                0.64966,                0.69628,                0.35809,                 1.6034,                 1.3496,                  1.573,              0.0004753,              0.0004753,              0.0004753
                     55,                 1.3511,                 1.2971,                  1.443,                0.67724,                0.64966,                0.69628,                0.35809,                 1.6034,                 1.3496,                  1.573,              0.0004753,              0.0004753,              0.0004753
                     56,                 1.3557,                 1.2889,                 1.4454,                0.59551,                0.65389,                0.68405,                0.36158,                 1.5884,                 1.3359,                 1.5818,              0.0004654,              0.0004654,              0.0004654
                     56,                 1.3557,                 1.2889,                 1.4454,                0.59551,                0.65389,                0.68405,                0.36158,                 1.5884,                 1.3359,                 1.5818,              0.0004654,              0.0004654,              0.0004654
                     57,                 1.3364,                 1.2544,                 1.4097,                0.66491,                0.65817,                0.70254,                 0.3782,                 1.5476,                 1.3238,                 1.5493,              0.0004555,              0.0004555,              0.0004555
                     57,                 1.3364,                 1.2544,                 1.4097,                0.66491,                0.65817,                0.70254,                 0.3782,                 1.5476,                 1.3238,                 1.5493,              0.0004555,              0.0004555,              0.0004555
                     58,                 1.3189,                 1.2724,                 1.4204,                0.60509,                0.67313,                0.68716,                0.36452,                 1.5829,                 1.3677,                 1.5939,              0.0004456,              0.0004456,              0.0004456
                     58,                 1.3189,                 1.2724,                 1.4204,                0.60509,                0.67313,                0.68716,                0.36452,                 1.5829,                 1.3677,                 1.5939,              0.0004456,              0.0004456,              0.0004456
                     59,                 1.3414,                 1.2797,                 1.4319,                0.61102,                0.68544,                0.70046,                0.36773,                 1.5585,                 1.3306,                 1.5446,              0.0004357,              0.0004357,              0.0004357
                     59,                 1.3414,                 1.2797,                 1.4319,                0.61102,                0.68544,                0.70046,                0.36773,                 1.5585,                 1.3306,                 1.5446,              0.0004357,              0.0004357,              0.0004357
                     60,                 1.3416,                 1.2651,                 1.4213,                 0.6179,                 0.6878,                0.72312,                 0.3827,                 1.5704,                 1.3232,                 1.5616,              0.0004258,              0.0004258,              0.0004258
                     60,                 1.3416,                 1.2651,                 1.4213,                 0.6179,                 0.6878,                0.72312,                 0.3827,                 1.5704,                 1.3232,                 1.5616,              0.0004258,              0.0004258,              0.0004258
                     61,                  1.332,                 1.2697,                 1.4265,                0.61828,                0.69714,                0.70208,                0.35525,                 1.5794,                 1.3358,                 1.5708,              0.0004159,              0.0004159,              0.0004159
                     61,                  1.332,                 1.2697,                 1.4265,                0.61828,                0.69714,                0.70208,                0.35525,                 1.5794,                 1.3358,                 1.5708,              0.0004159,              0.0004159,              0.0004159
                     62,                 1.3091,                 1.2591,                 1.4068,                0.61207,                0.69332,                0.72231,                0.37926,                 1.5548,                 1.2819,                 1.5651,               0.000406,               0.000406,               0.000406
                     62,                 1.3091,                 1.2591,                 1.4068,                0.61207,                0.69332,                0.72231,                0.37926,                 1.5548,                 1.2819,                 1.5651,               0.000406,               0.000406,               0.000406
                     63,                 1.3317,                 1.2439,                 1.4147,                0.67326,                 0.6802,                0.71651,                0.38251,                 1.5205,                 1.2919,                 1.5437,              0.0003961,              0.0003961,              0.0003961
                     63,                 1.3317,                 1.2439,                 1.4147,                0.67326,                 0.6802,                0.71651,                0.38251,                 1.5205,                 1.2919,                 1.5437,              0.0003961,              0.0003961,              0.0003961
                     64,                 1.3054,                 1.2345,                 1.3937,                0.65474,                 0.6861,                0.71536,                0.37968,                 1.5442,                 1.2728,                 1.5502,              0.0003862,              0.0003862,              0.0003862
                     64,                 1.3054,                 1.2345,                 1.3937,                0.65474,                 0.6861,                0.71536,                0.37968,                 1.5442,                 1.2728,                 1.5502,              0.0003862,              0.0003862,              0.0003862
                     65,                 1.2984,                 1.2093,                 1.3949,                0.63092,                0.70543,                0.71562,                0.38498,                 1.5517,                 1.2589,                 1.5714,              0.0003763,              0.0003763,              0.0003763
                     65,                 1.2984,                 1.2093,                 1.3949,                0.63092,                0.70543,                0.71562,                0.38498,                 1.5517,                 1.2589,                 1.5714,              0.0003763,              0.0003763,              0.0003763
                     66,                 1.2738,                 1.1908,                 1.3899,                0.60866,                0.69119,                 0.7124,                0.38835,                 1.5374,                 1.2961,                 1.5543,              0.0003664,              0.0003664,              0.0003664
                     66,                 1.2738,                 1.1908,                 1.3899,                0.60866,                0.69119,                 0.7124,                0.38835,                 1.5374,                 1.2961,                 1.5543,              0.0003664,              0.0003664,              0.0003664
                     67,                 1.3128,                 1.2034,                 1.4083,                0.60447,                0.68893,                0.70819,                0.38327,                  1.533,                 1.2775,                 1.5592,              0.0003565,              0.0003565,              0.0003565
                     67,                 1.3128,                 1.2034,                 1.4083,                0.60447,                0.68893,                0.70819,                0.38327,                  1.533,                 1.2775,                 1.5592,              0.0003565,              0.0003565,              0.0003565
                     68,                 1.2967,                 1.2451,                  1.392,                0.71118,                 0.6162,                0.69723,                0.37425,                 1.5603,                 1.3297,                 1.5723,              0.0003466,              0.0003466,              0.0003466
                     68,                 1.2967,                 1.2451,                  1.392,                0.71118,                 0.6162,                0.69723,                0.37425,                 1.5603,                 1.3297,                 1.5723,              0.0003466,              0.0003466,              0.0003466
                     69,                 1.2862,                  1.195,                 1.3927,                0.63767,                0.69153,                0.70703,                0.37525,                 1.5705,                 1.2755,                 1.5749,              0.0003367,              0.0003367,              0.0003367
                     69,                 1.2862,                  1.195,                 1.3927,                0.63767,                0.69153,                0.70703,                0.37525,                 1.5705,                 1.2755,                 1.5749,              0.0003367,              0.0003367,              0.0003367
                     70,                   1.29,                 1.2118,                 1.3967,                0.72049,                0.64865,                0.72233,                0.38424,                 1.5514,                  1.255,                 1.5748,              0.0003268,              0.0003268,              0.0003268
                     70,                   1.29,                 1.2118,                 1.3967,                0.72049,                0.64865,                0.72233,                0.38424,                 1.5514,                  1.255,                 1.5748,              0.0003268,              0.0003268,              0.0003268
                     71,                 1.2829,                 1.1881,                 1.3903,                0.62878,                0.67097,                0.71265,                0.38344,                 1.5452,                 1.2718,                 1.5552,              0.0003169,              0.0003169,              0.0003169
                     71,                 1.2829,                 1.1881,                 1.3903,                0.62878,                0.67097,                0.71265,                0.38344,                 1.5452,                 1.2718,                 1.5552,              0.0003169,              0.0003169,              0.0003169
                     72,                 1.2907,                   1.18,                 1.3828,                0.69499,                 0.6409,                0.71364,                0.37825,                 1.5545,                 1.2757,                 1.5685,               0.000307,               0.000307,               0.000307
                     72,                 1.2907,                   1.18,                 1.3828,                0.69499,                 0.6409,                0.71364,                0.37825,                 1.5545,                 1.2757,                 1.5685,               0.000307,               0.000307,               0.000307
                     73,                 1.2664,                 1.1602,                  1.378,                0.65662,                0.68287,                0.71468,                0.38916,                 1.5325,                 1.2546,                  1.565,              0.0002971,              0.0002971,              0.0002971
                     73,                 1.2664,                 1.1602,                  1.378,                0.65662,                0.68287,                0.71468,                0.38916,                 1.5325,                 1.2546,                  1.565,              0.0002971,              0.0002971,              0.0002971
                     74,                 1.2775,                 1.1767,                 1.3709,                0.63182,                0.69969,                0.71686,                0.39032,                 1.5546,                 1.2329,                  1.569,              0.0002872,              0.0002872,              0.0002872
                     74,                 1.2775,                 1.1767,                 1.3709,                0.63182,                0.69969,                0.71686,                0.39032,                 1.5546,                 1.2329,                  1.569,              0.0002872,              0.0002872,              0.0002872
                     75,                 1.2905,                 1.1608,                 1.3774,                0.66321,                0.65918,                0.72365,                0.39249,                  1.535,                 1.2608,                 1.5725,              0.0002773,              0.0002773,              0.0002773
                     75,                 1.2905,                 1.1608,                 1.3774,                0.66321,                0.65918,                0.72365,                0.39249,                  1.535,                 1.2608,                 1.5725,              0.0002773,              0.0002773,              0.0002773
                     76,                  1.271,                 1.1468,                 1.3704,                0.65693,                0.68207,                0.72685,                0.39828,                 1.5309,                 1.2405,                 1.5542,              0.0002674,              0.0002674,              0.0002674
                     76,                  1.271,                 1.1468,                 1.3704,                0.65693,                0.68207,                0.72685,                0.39828,                 1.5309,                 1.2405,                 1.5542,              0.0002674,              0.0002674,              0.0002674
                     77,                 1.2894,                 1.1813,                 1.3832,                0.67293,                 0.6682,                0.72023,                0.38962,                 1.5351,                 1.2636,                 1.5728,              0.0002575,              0.0002575,              0.0002575
                     77,                 1.2894,                 1.1813,                 1.3832,                0.67293,                 0.6682,                0.72023,                0.38962,                 1.5351,                 1.2636,                 1.5728,              0.0002575,              0.0002575,              0.0002575
                     78,                 1.2807,                 1.1845,                 1.3867,                0.65905,                0.68281,                0.71805,                0.39477,                 1.5424,                 1.2429,                 1.5701,              0.0002476,              0.0002476,              0.0002476
                     78,                 1.2807,                 1.1845,                 1.3867,                0.65905,                0.68281,                0.71805,                0.39477,                 1.5424,                 1.2429,                 1.5701,              0.0002476,              0.0002476,              0.0002476
                     79,                 1.2633,                 1.1618,                 1.3693,                 0.5771,                0.71682,                0.71227,                0.38922,                 1.5269,                 1.2689,                 1.5512,              0.0002377,              0.0002377,              0.0002377
                     79,                 1.2633,                 1.1618,                 1.3693,                 0.5771,                0.71682,                0.71227,                0.38922,                 1.5269,                 1.2689,                 1.5512,              0.0002377,              0.0002377,              0.0002377
                     80,                 1.2479,                 1.1235,                 1.3509,                0.63157,                0.72298,                0.72392,                0.39205,                 1.5284,                 1.2298,                 1.5367,              0.0002278,              0.0002278,              0.0002278
                     80,                 1.2479,                 1.1235,                 1.3509,                0.63157,                0.72298,                0.72392,                0.39205,                 1.5284,                 1.2298,                 1.5367,              0.0002278,              0.0002278,              0.0002278
                     81,                 1.2587,                 1.1443,                 1.3668,                0.65251,                0.69137,                0.72727,                 0.3997,                 1.5192,                 1.2198,                 1.5409,              0.0002179,              0.0002179,              0.0002179
                     81,                 1.2587,                 1.1443,                 1.3668,                0.65251,                0.69137,                0.72727,                 0.3997,                 1.5192,                 1.2198,                 1.5409,              0.0002179,              0.0002179,              0.0002179
                     82,                 1.2349,                 1.0987,                 1.3542,                0.63095,                 0.7208,                0.73666,                0.40375,                 1.5221,                 1.2227,                 1.5506,               0.000208,               0.000208,               0.000208
                     82,                 1.2349,                 1.0987,                 1.3542,                0.63095,                 0.7208,                0.73666,                0.40375,                 1.5221,                 1.2227,                 1.5506,               0.000208,               0.000208,               0.000208
                     83,                 1.2586,                  1.138,                 1.3641,                 0.7074,                0.67741,                0.73666,                0.39447,                  1.543,                 1.2349,                 1.5619,              0.0001981,              0.0001981,              0.0001981
                     83,                 1.2586,                  1.138,                 1.3641,                 0.7074,                0.67741,                0.73666,                0.39447,                  1.543,                 1.2349,                 1.5619,              0.0001981,              0.0001981,              0.0001981
                     84,                 1.2479,                  1.159,                 1.3604,                0.67941,                0.67753,                0.74003,                  0.401,                 1.5349,                 1.2205,                 1.5541,              0.0001882,              0.0001882,              0.0001882
                     84,                 1.2479,                  1.159,                 1.3604,                0.67941,                0.67753,                0.74003,                  0.401,                 1.5349,                 1.2205,                 1.5541,              0.0001882,              0.0001882,              0.0001882
                     85,                 1.2506,                 1.1092,                 1.3494,                0.68798,                0.66452,                0.73333,                  0.389,                 1.5436,                 1.2339,                 1.5545,              0.0001783,              0.0001783,              0.0001783
                     85,                 1.2506,                 1.1092,                 1.3494,                0.68798,                0.66452,                0.73333,                  0.389,                 1.5436,                 1.2339,                 1.5545,              0.0001783,              0.0001783,              0.0001783
                     86,                 1.2404,                 1.1088,                  1.355,                0.61509,                0.72523,                0.72131,                0.39232,                 1.5374,                 1.2487,                 1.5626,              0.0001684,              0.0001684,              0.0001684
                     86,                 1.2404,                 1.1088,                  1.355,                0.61509,                0.72523,                0.72131,                0.39232,                 1.5374,                 1.2487,                 1.5626,              0.0001684,              0.0001684,              0.0001684
                     87,                 1.2211,                 1.1058,                  1.343,                0.64374,                0.71282,                0.73123,                0.40187,                   1.53,                 1.2249,                  1.546,              0.0001585,              0.0001585,              0.0001585
                     87,                 1.2211,                 1.1058,                  1.343,                0.64374,                0.71282,                0.73123,                0.40187,                   1.53,                 1.2249,                  1.546,              0.0001585,              0.0001585,              0.0001585
                     88,                 1.2226,                 1.0815,                 1.3369,                0.63974,                0.71564,                0.73221,                0.40246,                 1.5218,                  1.211,                 1.5352,              0.0001486,              0.0001486,              0.0001486
                     88,                 1.2226,                 1.0815,                 1.3369,                0.63974,                0.71564,                0.73221,                0.40246,                 1.5218,                  1.211,                 1.5352,              0.0001486,              0.0001486,              0.0001486
                     89,                   1.24,                 1.1094,                 1.3587,                0.62198,                0.71219,                0.72323,                0.39999,                 1.5272,                 1.2225,                 1.5509,              0.0001387,              0.0001387,              0.0001387
                     89,                   1.24,                 1.1094,                 1.3587,                0.62198,                0.71219,                0.72323,                0.39999,                 1.5272,                 1.2225,                 1.5509,              0.0001387,              0.0001387,              0.0001387
                     90,                 1.2098,                  1.095,                 1.3416,                0.65496,                 0.6866,                0.72878,                 0.4013,                 1.5255,                 1.2125,                 1.5508,              0.0001288,              0.0001288,              0.0001288
                     90,                 1.2098,                  1.095,                 1.3416,                0.65496,                 0.6866,                0.72878,                 0.4013,                 1.5255,                 1.2125,                 1.5508,              0.0001288,              0.0001288,              0.0001288
                     91,                 1.2158,                 1.0871,                 1.3549,                0.66683,                0.68184,                0.72848,                0.39392,                 1.5443,                 1.2352,                 1.5717,              0.0001189,              0.0001189,              0.0001189
                     91,                 1.2158,                 1.0871,                 1.3549,                0.66683,                0.68184,                0.72848,                0.39392,                 1.5443,                 1.2352,                 1.5717,              0.0001189,              0.0001189,              0.0001189
                     92,                 1.1831,                  1.013,                 1.3256,                0.68121,                0.68161,                0.73949,                0.40884,                 1.5314,                 1.2131,                 1.5629,               0.000109,               0.000109,               0.000109
                     92,                 1.1831,                  1.013,                 1.3256,                0.68121,                0.68161,                0.73949,                0.40884,                 1.5314,                 1.2131,                 1.5629,               0.000109,               0.000109,               0.000109
                     93,                 1.1881,                0.99868,                 1.3329,                0.66565,                0.69877,                0.74366,                0.41049,                 1.5226,                 1.1901,                 1.5496,               9.91e-05,               9.91e-05,               9.91e-05
                     93,                 1.1881,                0.99868,                 1.3329,                0.66565,                0.69877,                0.74366,                0.41049,                 1.5226,                 1.1901,                 1.5496,               9.91e-05,               9.91e-05,               9.91e-05
                     94,                 1.1826,                 1.0072,                 1.3345,                0.70126,                0.66621,                0.74128,                0.41124,                 1.5175,                 1.1899,                   1.55,               8.92e-05,               8.92e-05,               8.92e-05
                     94,                 1.1826,                 1.0072,                 1.3345,                0.70126,                0.66621,                0.74128,                0.41124,                 1.5175,                 1.1899,                   1.55,               8.92e-05,               8.92e-05,               8.92e-05
                     95,                 1.1719,                0.99537,                 1.3314,                0.67514,                0.68908,                0.74617,                0.40524,                  1.531,                 1.1937,                 1.5621,               7.93e-05,               7.93e-05,               7.93e-05
                     95,                 1.1719,                0.99537,                 1.3314,                0.67514,                0.68908,                0.74617,                0.40524,                  1.531,                 1.1937,                 1.5621,               7.93e-05,               7.93e-05,               7.93e-05
                     96,                 1.1632,                 0.9705,                 1.3172,                0.73162,                0.66416,                0.74601,                0.41064,                 1.5232,                 1.1882,                 1.5414,               6.94e-05,               6.94e-05,               6.94e-05
                     96,                 1.1632,                 0.9705,                 1.3172,                0.73162,                0.66416,                0.74601,                0.41064,                 1.5232,                 1.1882,                 1.5414,               6.94e-05,               6.94e-05,               6.94e-05
                     97,                 1.1483,                0.94788,                 1.3174,                0.73552,                0.67697,                0.75137,                0.41199,                 1.5222,                 1.1798,                 1.5465,               5.95e-05,               5.95e-05,               5.95e-05
                     97,                 1.1483,                0.94788,                 1.3174,                0.73552,                0.67697,                0.75137,                0.41199,                 1.5222,                 1.1798,                 1.5465,               5.95e-05,               5.95e-05,               5.95e-05
                     98,                   1.16,                0.97943,                 1.3344,                0.70102,                 0.6844,                0.74723,                0.41031,                 1.5327,                 1.1821,                 1.5545,               4.96e-05,               4.96e-05,               4.96e-05
                     98,                   1.16,                0.97943,                 1.3344,                0.70102,                 0.6844,                0.74723,                0.41031,                 1.5327,                 1.1821,                 1.5545,               4.96e-05,               4.96e-05,               4.96e-05
                     99,                 1.1302,                0.96845,                 1.3043,                0.71998,                0.67323,                0.74709,                0.41455,                 1.5177,                  1.172,                  1.552,               3.97e-05,               3.97e-05,               3.97e-05
                     99,                 1.1302,                0.96845,                 1.3043,                0.71998,                0.67323,                0.74709,                0.41455,                 1.5177,                  1.172,                  1.552,               3.97e-05,               3.97e-05,               3.97e-05
                    100,                 1.1325,                0.92797,                 1.3007,                0.72946,                0.66141,                0.74596,                0.41208,                 1.5146,                 1.1716,                 1.5522,               2.98e-05,               2.98e-05,               2.98e-05
                    100,                 1.1325,                0.92797,                 1.3007,                0.72946,                0.66141,                0.74596,                0.41208,                 1.5146,                 1.1716,                 1.5522,               2.98e-05,               2.98e-05,               2.98e-05
